{"1|1.00": {"buy": 827.5085035860088, "sell": 714.9386224818358, "short": 718.3283454328231, "hold": 712.1801760123326}, "1|1.03": {"buy": 729.2988567719824, "sell": 720.6933221955114, "short": 723.5079184209512, "hold": 767.867017426805}, "1|1.02": {"buy": 704.5103570425067, "sell": 702.5380718191647, "short": 725.118389207533, "hold": 716.7937205022345}, "-1|1.00": {"buy": 720.4617036295829, "sell": 721.0324923000869, "short": 805.0267150789889, "hold": 719.6598167019299}, "0|1.00": {"buy": 1077.3511096743985, "sell": 1089.1480669142518, "short": 1100.0912545160038, "hold": 1091.9362801441323}, "-1|0.99": {"buy": 747.3363848537862, "sell": 698.2297665117659, "short": 696.2922558935027, "hold": 706.3127461309593}, "-1|0.97": {"buy": 739.5259334923362, "sell": 733.9196264591435, "short": 735.3090023565683, "hold": 739.8607585076044}, "1|1.01": {"buy": 705.8844989140431, "sell": 749.6348669007573, "short": 698.4237565802765, "hold": 704.0524774730566}, "-1|0.98": {"buy": 710.3155379544655, "sell": 832.984397021569, "short": 708.3295407968297, "hold": 711.4030739107217}, "-1|0.96": {"buy": 796.7038258860654, "sell": 796.9874743718294, "short": 798.8317391670346, "hold": 791.6342417065274}, "1|0.99": {"buy": 812.5481437103383, "sell": 809.2571515849613, "short": 827.5942588329749, "hold": 817.372734358558}, "1|1.04": {"buy": 791.9946131182835, "sell": 789.729092964462, "short": 785.727406456475, "hold": 792.1499205259713}, "1|1.05": {"buy": 922.0537252428671, "sell": 890.9768379108601, "short": 907.2739305939039, "hold": 895.6458347742391}, "-1|0.95": {"buy": 923.5285625677925, "sell": 931.1284482574946, "short": 907.0328345031157, "hold": 914.2476147289485}, "-1|1.01": {"buy": 845.5500217820775, "sell": 827.4214407284768, "short": 835.2736240567989, "hold": 843.7437202401461}, "1|1.06": {"buy": 2019.146997525992, "sell": 1378.1568038357075, "short": 1348.1008840905656, "hold": 1248.4352994302099}, "0|1.01": {"buy": 2022.352036782253, "sell": 1939.4858955608859, "short": 1935.7415736639305, "hold": 2021.6067792574083}, "0|0.99": {"buy": 1634.731428797954, "sell": 1690.424594160451, "short": 1733.4014337335282, "hold": 1638.8481308243427}, "1|1.07": {"buy": 1625.3885427374148, "sell": 1823.9996259162494, "short": 1796.8536331875953, "hold": 1065.8180427163607}, "0|0.98": {"buy": 3514.547971469073, "sell": 3504.9903313776263, "short": 217.83601640251345, "hold": 5.749466887325421e-16}, "-1|0.94": {"buy": 1953.3664966569986, "sell": 1872.158128908477, "short": 1750.7952534346873, "hold": 1918.9057030442727}, "-1|1.02": {"buy": 330.39813002914593, "sell": 2396.1778223800193, "short": 2289.5464334559397, "hold": 2301.1540950083954}, "1|0.98": {"buy": 1885.76473888419, "sell": 1959.538806128473, "short": 1912.6223947765914, "hold": 1873.0353060720508}, "0|1.02": {"buy": 300.0866162291604, "sell": 3125.9963257856834, "short": 1070.802026337231, "hold": 1815.1284567418556}, "0|0.97": {"buy": 2090.569706324995, "sell": 7.360571469920295e-16, "short": 0.0, "hold": 0.0}, "-1|0.93": {"buy": 151.59973093759692, "sell": 122.32814703146273, "short": 3290.0297750763266, "hold": 3083.050520274245}, "-1|0.92": {"buy": 0.0, "sell": 0.0, "short": 0.0, "hold": 2928.6406104639937}, "1|1.08": {"buy": 12592.981586154436, "sell": 261.5791016600627, "short": 0.0, "hold": 0.0}, "1|0.97": {"buy": 10733.09661994902, "sell": 0.0, "short": 506.19690205996244, "hold": 0.0}, "0|1.03": {"buy": 0.0, "sell": 6426.905072641558, "short": 0.0, "hold": 0.0}, "-1|1.03": {"buy": 0.0, "sell": 74.63750782293339, "short": 0.0, "hold": -0.34272215738168293}, "1|1.09": {"buy": 3031.476129382433, "sell": 0.0, "short": 0.0, "hold": 250.45003700262657}, "-1|0.91": {"buy": 0.0, "sell": 230.87018861577545, "short": 0.0, "hold": 0.0}, "1|1.10": {"buy": 0.0, "sell": 0.0, "short": 163.0086240043515, "hold": 0.0}, "1|1.11": {"buy": 0.0, "sell": 0.0, "short": 206.37722158297356, "hold": 0.0}}