{"1|1.00": {"buy": 152.70610278405536, "sell": 181.7324738646992, "short": 166.10862643083803, "hold": 171.04289346805226}, "1|1.03": {"buy": 148.70750279073863, "sell": 174.4386055038266, "short": 172.24182699927627, "hold": 157.97135371499758}, "1|1.02": {"buy": 160.86365211033296, "sell": 168.91638719390923, "short": 167.4615754417661, "hold": 169.1026487701008}, "-1|1.00": {"buy": 158.63706356375206, "sell": 145.12650611568012, "short": 165.38165913853973, "hold": 152.21188168999242}, "0|1.00": {"buy": 172.028020713231, "sell": 175.45350978307687, "short": 172.4109687139957, "hold": 168.3183888766714}, "-1|0.99": {"buy": 164.12085493588896, "sell": 170.51610711649326, "short": 169.49779860541574, "hold": 161.40367466056378}, "-1|0.97": {"buy": 142.37034849777615, "sell": 171.69790432165794, "short": 149.31405829382555, "hold": 158.1195440047621}, "1|1.01": {"buy": 155.38352562191386, "sell": 173.1216531533161, "short": 163.55426463485296, "hold": 162.04497569749387}, "-1|0.98": {"buy": 156.54199000947514, "sell": 175.74944241603097, "short": 158.58208800399143, "hold": 166.8506051563761}, "-1|0.96": {"buy": 146.1499446173545, "sell": 168.64816191606712, "short": 149.59312191200675, "hold": 148.41276568914694}, "1|0.99": {"buy": 157.21421425178758, "sell": 177.34206493567268, "short": 161.37811640395736, "hold": 155.48157833092492}, "1|1.04": {"buy": 139.09893230970818, "sell": 191.78028786698212, "short": 137.2989503755055, "hold": 136.51736013463972}, "1|1.05": {"buy": 156.14911547634446, "sell": 155.0951957811366, "short": 181.3218922288584, "hold": 155.14565501839814}, "-1|0.95": {"buy": 157.31902150023186, "sell": 163.7789595805552, "short": 152.74466213477467, "hold": 153.97345469416067}, "-1|1.01": {"buy": 144.76586957569933, "sell": 156.14585799175256, "short": 148.744960409241, "hold": 183.08531599332218}, "1|1.06": {"buy": 235.2775457319936, "sell": 202.51583252335888, "short": 203.13101095839448, "hold": 205.045348763717}, "0|1.01": {"buy": 235.6592755003925, "sell": 240.77941361087147, "short": 239.3203606524273, "hold": 233.56310128457946}, "0|0.99": {"buy": 245.13896132055527, "sell": 245.69416121931457, "short": 246.0505668535131, "hold": 240.35803211779964}, "1|1.07": {"buy": 108.3335664261322, "sell": 232.9643800406792, "short": 170.02538304330733, "hold": 0.0}, "0|0.98": {"buy": 397.7361541756114, "sell": 132.81153327663156, "short": 38.017972266484314, "hold": 24.843927029123197}, "-1|0.94": {"buy": 287.25234602735793, "sell": 297.31698443558787, "short": 296.736695489701, "hold": 297.4935701300538}, "-1|1.02": {"buy": 72.27828755105789, "sell": 226.34882201876945, "short": 190.75431811042225, "hold": 233.1535433415076}, "1|0.98": {"buy": 187.26659060303658, "sell": 359.1110877533723, "short": 375.98731152366076, "hold": 386.37820796434426}, "0|1.02": {"buy": 80.92253060854364, "sell": 55.04375924792281, "short": 15.062220919023233, "hold": 688.7923552841028}, "0|0.97": {"buy": 0.0, "sell": 0.0, "short": 234.50390428305775, "hold": 0.0}, "-1|0.93": {"buy": 239.26168274859384, "sell": 178.3416167709034, "short": 485.97852588332836, "hold": 182.37840316399775}, "-1|0.92": {"buy": 0.0, "sell": 158.25386953057725, "short": 8.218740090206064e-16, "hold": 261.30298093295664}, "1|1.08": {"buy": 839.9730973816896, "sell": 0.0, "short": 93.50191047052377, "hold": 4.2870014816756813e-16}, "1|0.97": {"buy": 0.0, "sell": 0.0, "short": 954.1641977880904, "hold": 0.0}, "0|1.03": {"buy": 5639.817820660624, "sell": 58.61591953046697, "short": 0.0, "hold": 0.0}, "-1|1.03": {"buy": 0.0, "sell": -0.1742722053955923, "short": 0.0, "hold": 18.013306553137426}, "1|1.09": {"buy": 383.1549970615049, "sell": 0.0, "short": 0.0, "hold": 0.0}, "-1|0.91": {"buy": 0.0, "sell": 0.0, "short": 29.98412218700114, "hold": 0.0}, "1|1.10": {"buy": 0.0, "sell": 22.45418875727372, "short": 0.0, "hold": 0.0}, "1|1.11": {"buy": 0.0, "sell": 0.0, "short": 26.954768288833687, "hold": 0.0}}
