{"0": {"1|1.00": {"buy": 54.924208356217704, "sell": 54.161321503878085, "short": 54.481910163387596, "hold": 53.88060235865333}, "1|1.03": {"buy": 54.13464636613772, "sell": 54.18184958768764, "short": 53.969432732636754, "hold": 54.428557644933456}, "1|1.02": {"buy": 53.30759209570551, "sell": 53.649913213397184, "short": 53.797394038120025, "hold": 53.696287163054144}, "-1|1.00": {"buy": 55.12639444916643, "sell": 54.864950768158174, "short": 55.963608340081485, "hold": 54.87079611921992}, "0|1.00": {"buy": 30.779851404641043, "sell": 47.30922746736676, "short": 33.19300721961292, "hold": 61.725229059306265}, "-1|0.99": {"buy": 51.98252593352008, "sell": 51.60034977773718, "short": 51.9012534236513, "hold": 51.86998078464361}, "-1|0.97": {"buy": 56.004626928202946, "sell": 55.22461465999998, "short": 55.4795301159089, "hold": 55.05323303269145}, "1|1.01": {"buy": 53.2791487317085, "sell": 53.3556357519371, "short": 53.730996063764636, "hold": 53.930280687069065}, "-1|0.98": {"buy": 52.8157187210198, "sell": 52.964410210527305, "short": 53.07643309838046, "hold": 52.74651983429695}, "-1|0.96": {"buy": 57.731714023954694, "sell": 58.23176801469172, "short": 58.44365459005912, "hold": 56.96084140469752}, "1|0.99": {"buy": 55.57695879551233, "sell": 54.95438100394625, "short": 57.012934878126806, "hold": 57.774599325079684}, "1|1.04": {"buy": 58.56706722019069, "sell": 58.72917506252541, "short": 57.76264232127419, "hold": 57.896562720184384}, "1|1.05": {"buy": 56.37806560411755, "sell": 57.484167430701234, "short": 46.09476092297993, "hold": 54.2772652783134}, "-1|0.95": {"buy": 59.87320931087322, "sell": 43.79087380679323, "short": 45.94875391798663, "hold": 50.34476650814756}, "-1|1.01": {"buy": 58.226212058137676, "sell": 58.473453348521026, "short": 58.85285868744666, "hold": 52.14948360698966}, "1|1.06": {"buy": 28.671910000358533, "sell": 68.57588016055759, "short": 29.839976228197287, "hold": 30.063478730608146}, "0|1.01": {"buy": 11.220191510235475, "sell": 30.48096170801926, "short": 10.417590323391028, "hold": 61.59919464790048}, "0|0.99": {"buy": 62.84697979084583, "sell": 18.081727226476655, "short": 28.37675906285815, "hold": 23.534088839373798}, "1|1.07": {"buy": 20.58257506689947, "sell": 64.83255842962197, "short": 1.9370498625303147, "hold": 5.736302490451141}, "0|0.98": {"buy": 61.364862364432334, "sell": 11.999422840402623, "short": 5.735219275295652, "hold": 6.995587680035097}, "-1|0.94": {"buy": 26.669306725868985, "sell": 22.96500959066701, "short": 9.84253068345999, "hold": 60.509129215021666}, "-1|1.02": {"buy": 4.338079955865391, "sell": 17.66207964241738, "short": 22.87839498723068, "hold": 68.08871544200954}, "1|0.98": {"buy": 60.6851353835237, "sell": 21.65770041066051, "short": 17.805210393551, "hold": 13.698170941093363}, "0|1.02": {"buy": 4.950578534800048, "sell": 50.38649618972613, "short": 5.350238979038534, "hold": 9.539430775037776}, "0|0.97": {"buy": 0.0, "sell": 4.902718162517019, "short": -0.14257755620062249, "hold": 0.0}, "-1|0.93": {"buy": 7.624274302488022, "sell": -0.7345435363517473, "short": 4.551741085482069, "hold": 55.89252594513635}, "-1|0.92": {"buy": -0.18027031503949248, "sell": -0.16312437090094295, "short": -0.16714764393124557, "hold": 9.227493008967802}, "1|1.08": {"buy": -0.15664382808921717, "sell": -0.5265839745053299, "short": 41.857082869507536, "hold": 6.3273725842941575}, "1|0.97": {"buy": 0.0, "sell": -0.17671130594132245, "short": 19.12442267264514, "hold": 0.0}, "0|1.03": {"buy": 4.848392520073428, "sell": 0.0, "short": 10.810794459358153, "hold": 2.3288272149893754e-15}, "-1|1.03": {"buy": -0.19298429268577372, "sell": 0.0, "short": 0.0, "hold": 5.814862749278507}, "1|1.09": {"buy": -0.20308508785463456, "sell": 0.0, "short": 7.978006408317587, "hold": 0.0}, "-1|0.91": {"buy": 0.0, "sell": 0.0, "short": 6.855163957479917, "hold": 0.0}, "1|1.10": {"buy": 4.00773716663311, "sell": 0.0, "short": 0.0, "hold": 0.0}, "1|1.11": {"buy": 0.0, "sell": 4.14474325384533, "short": 0.0, "hold": 0.0}}, "1": {"1|1.00": {"buy": 152.70610278405536, "sell": 181.7324738646992, "short": 166.10862643083803, "hold": 171.04289346805226}, "1|1.03": {"buy": 148.70750279073863, "sell": 174.4386055038266, "short": 172.24182699927627, "hold": 157.97135371499758}, "1|1.02": {"buy": 160.86365211033296, "sell": 168.91638719390923, "short": 167.4615754417661, "hold": 169.1026487701008}, "-1|1.00": {"buy": 158.63706356375206, "sell": 145.12650611568012, "short": 165.38165913853973, "hold": 152.21188168999242}, "0|1.00": {"buy": 172.028020713231, "sell": 175.45350978307687, "short": 172.4109687139957, "hold": 168.3183888766714}, "-1|0.99": {"buy": 164.12085493588896, "sell": 170.51610711649326, "short": 169.49779860541574, "hold": 161.40367466056378}, "-1|0.97": {"buy": 142.37034849777615, "sell": 171.69790432165794, "short": 149.31405829382555, "hold": 158.1195440047621}, "1|1.01": {"buy": 155.38352562191386, "sell": 173.1216531533161, "short": 163.55426463485296, "hold": 162.04497569749387}, "-1|0.98": {"buy": 156.54199000947514, "sell": 175.74944241603097, "short": 158.58208800399143, "hold": 166.8506051563761}, "-1|0.96": {"buy": 146.1499446173545, "sell": 168.64816191606712, "short": 149.59312191200675, "hold": 148.41276568914694}, "1|0.99": {"buy": 157.21421425178758, "sell": 177.34206493567268, "short": 161.37811640395736, "hold": 155.48157833092492}, "1|1.04": {"buy": 139.09893230970818, "sell": 191.78028786698212, "short": 137.2989503755055, "hold": 136.51736013463972}, "1|1.05": {"buy": 156.14911547634446, "sell": 155.0951957811366, "short": 181.3218922288584, "hold": 155.14565501839814}, "-1|0.95": {"buy": 157.31902150023186, "sell": 163.7789595805552, "short": 152.74466213477467, "hold": 153.97345469416067}, "-1|1.01": {"buy": 144.76586957569933, "sell": 156.14585799175256, "short": 148.744960409241, "hold": 183.08531599332218}, "1|1.06": {"buy": 235.2775457319936, "sell": 202.51583252335888, "short": 203.13101095839448, "hold": 205.045348763717}, "0|1.01": {"buy": 235.6592755003925, "sell": 240.77941361087147, "short": 239.3203606524273, "hold": 233.56310128457946}, "0|0.99": {"buy": 245.13896132055527, "sell": 245.69416121931457, "short": 246.0505668535131, "hold": 240.35803211779964}, "1|1.07": {"buy": 108.3335664261322, "sell": 232.9643800406792, "short": 170.02538304330733, "hold": 0.0}, "0|0.98": {"buy": 397.7361541756114, "sell": 132.81153327663156, "short": 38.017972266484314, "hold": 24.843927029123197}, "-1|0.94": {"buy": 287.25234602735793, "sell": 297.31698443558787, "short": 296.736695489701, "hold": 297.4935701300538}, "-1|1.02": {"buy": 72.27828755105789, "sell": 226.34882201876945, "short": 190.75431811042225, "hold": 233.1535433415076}, "1|0.98": {"buy": 187.26659060303658, "sell": 359.1110877533723, "short": 375.98731152366076, "hold": 386.37820796434426}, "0|1.02": {"buy": 80.92253060854364, "sell": 55.04375924792281, "short": 15.062220919023233, "hold": 688.7923552841028}, "0|0.97": {"buy": 0.0, "sell": 0.0, "short": 234.50390428305775, "hold": 0.0}, "-1|0.93": {"buy": 239.26168274859384, "sell": 178.3416167709034, "short": 485.97852588332836, "hold": 182.37840316399775}, "-1|0.92": {"buy": 0.0, "sell": 158.25386953057725, "short": 8.218740090206064e-16, "hold": 261.30298093295664}, "1|1.08": {"buy": 839.9730973816896, "sell": 0.0, "short": 93.50191047052377, "hold": 4.2870014816756813e-16}, "1|0.97": {"buy": 0.0, "sell": 0.0, "short": 954.1641977880904, "hold": 0.0}, "0|1.03": {"buy": 5639.817820660624, "sell": 58.61591953046697, "short": 0.0, "hold": 0.0}, "-1|1.03": {"buy": 0.0, "sell": -0.1742722053955923, "short": 0.0, "hold": 18.013306553137426}, "1|1.09": {"buy": 383.1549970615049, "sell": 0.0, "short": 0.0, "hold": 0.0}, "-1|0.91": {"buy": 0.0, "sell": 0.0, "short": 29.98412218700114, "hold": 0.0}, "1|1.10": {"buy": 0.0, "sell": 22.45418875727372, "short": 0.0, "hold": 0.0}, "1|1.11": {"buy": 0.0, "sell": 0.0, "short": 26.954768288833687, "hold": 0.0}},